insert into committees (committee_id, committee_name, committee_abbreviation, committee_description, committee_status, committee_announcement) values (1, 'Education Committee', 'EDU', 'A model UN committee focusing on healthcare access', 'SUSPENDED_SESSION', 'Announcement: Guest speaker from the United Nations will address the committee tomorrow.');
insert into committees (committee_id, committee_name, committee_abbreviation, committee_description, committee_status, committee_announcement) values (2, 'Environment Committee', 'ENVI', 'A model UN committee addressing human rights violations', 'UNMOD', 'Reminder: Delegate registration deadline is approaching. Don''t miss out!');
insert into committees (committee_id, committee_name, committee_abbreviation, committee_description, committee_status, committee_announcement) values (3, 'Health Committee', 'HEAL', 'A model UN committee promoting gender equality', 'SUSPENDED_SESSION', 'Announcement: Lunch break will be from 12:00 PM to 1:00 PM. Please be punctual.');
insert into committees (committee_id, committee_name, committee_abbreviation, committee_description, committee_status, committee_announcement) values (4, 'Technology Committee', 'TECH', 'A model UN committee tackling cybersecurity issues', 'UNMOD', 'Announcement: Lunch break will be from 12:00 PM to 1:00 PM. Please be punctual.');
insert into committees (committee_id, committee_name, committee_abbreviation, committee_description, committee_status, committee_announcement) values (5, 'Finance Committee', 'FINC', 'A model UN committee focusing on healthcare access', 'UNMOD', 'Announcement: Guest speaker from the United Nations will address the committee tomorrow.');
insert into committees (committee_id, committee_name, committee_abbreviation, committee_description, committee_status, committee_announcement) values (6, 'Culture Committee', 'CULT', 'A model UN committee discussing global economic policies', 'OUT_OF_SESSION', 'Announcement: Lunch break will be from 12:00 PM to 1:00 PM. Please be punctual.');
insert into committees (committee_id, committee_name, committee_abbreviation, committee_description, committee_status, committee_announcement) values (7, 'Security Committee', 'SEC', 'A model UN committee addressing refugee crises', 'IN_SESSION', 'Reminder: Committee chairs will hold a briefing session before the conference starts.');
insert into committees (committee_id, committee_name, committee_abbreviation, committee_description, committee_status, committee_announcement) values (8, 'Infrastructure Committee', 'INFA', 'A model UN committee focusing on healthcare access', 'IN_SESSION', 'Announcement: Model UN committee session will be held in Room 301.');
insert into committees (committee_id, committee_name, committee_abbreviation, committee_description, committee_status, committee_announcement) values (9, 'Social Welfare Committee', 'SWC', 'A model UN committee focused on climate change', 'SUSPENDED_SESSION', 'Reminder: Committee chairs will hold a briefing session before the conference starts.');
insert into committees (committee_id, committee_name, committee_abbreviation, committee_description, committee_status, committee_announcement) values (10, 'Trade Committee', 'TRAD', 'A model UN committee promoting gender equality', 'UNMOD', 'Announcement: Model UN committee session will be held in Room 301.');

insert into delegations (delegation_id, delegation_name) values (1, 'Brazil');
insert into delegations (delegation_id, delegation_name) values (2, 'Haiti');
insert into delegations (delegation_id, delegation_name) values (3, 'Germany');
insert into delegations (delegation_id, delegation_name) values (4, 'Colombia');
insert into delegations (delegation_id, delegation_name) values (5, 'Russia');
insert into delegations (delegation_id, delegation_name) values (6, 'Ukraine');
insert into delegations (delegation_id, delegation_name) values (7, 'Portugal');
insert into delegations (delegation_id, delegation_name) values (8, 'Sweden');
insert into delegations (delegation_id, delegation_name) values (9, 'China');
insert into delegations (delegation_id, delegation_name) values (10, 'Chile');
insert into delegations (delegation_id, delegation_name) values (11, 'Russia');
insert into delegations (delegation_id, delegation_name) values (12, 'Indonesia');
insert into delegations (delegation_id, delegation_name) values (13, 'Philippines');
insert into delegations (delegation_id, delegation_name) values (14, 'Russia');
insert into delegations (delegation_id, delegation_name) values (15, 'Russia');
insert into delegations (delegation_id, delegation_name) values (16, 'Morocco');
insert into delegations (delegation_id, delegation_name) values (17, 'China');
insert into delegations (delegation_id, delegation_name) values (18, 'Russia');
insert into delegations (delegation_id, delegation_name) values (19, 'Argentina');
insert into delegations (delegation_id, delegation_name) values (20, 'Madagascar');
insert into delegations (delegation_id, delegation_name) values (21, 'Afghanistan');
insert into delegations (delegation_id, delegation_name) values (22, 'Portugal');
insert into delegations (delegation_id, delegation_name) values (23, 'Indonesia');
insert into delegations (delegation_id, delegation_name) values (24, 'Poland');
insert into delegations (delegation_id, delegation_name) values (25, 'Morocco');
insert into delegations (delegation_id, delegation_name) values (26, 'Philippines');
insert into delegations (delegation_id, delegation_name) values (27, 'Albania');
insert into delegations (delegation_id, delegation_name) values (28, 'Portugal');
insert into delegations (delegation_id, delegation_name) values (29, 'Indonesia');
insert into delegations (delegation_id, delegation_name) values (30, 'Philippines');
insert into delegations (delegation_id, delegation_name) values (31, 'Portugal');
insert into delegations (delegation_id, delegation_name) values (32, 'Azerbaijan');
insert into delegations (delegation_id, delegation_name) values (33, 'Barbados');
insert into delegations (delegation_id, delegation_name) values (34, 'Poland');
insert into delegations (delegation_id, delegation_name) values (35, 'Russia');
insert into delegations (delegation_id, delegation_name) values (36, 'Burkina Faso');
insert into delegations (delegation_id, delegation_name) values (37, 'China');
insert into delegations (delegation_id, delegation_name) values (38, 'Portugal');
insert into delegations (delegation_id, delegation_name) values (39, 'China');
insert into delegations (delegation_id, delegation_name) values (40, 'Brazil');
insert into delegations (delegation_id, delegation_name) values (41, 'United States');
insert into delegations (delegation_id, delegation_name) values (42, 'Peru');
insert into delegations (delegation_id, delegation_name) values (43, 'Russia');
insert into delegations (delegation_id, delegation_name) values (44, 'Ethiopia');
insert into delegations (delegation_id, delegation_name) values (45, 'China');
insert into delegations (delegation_id, delegation_name) values (46, 'France');
insert into delegations (delegation_id, delegation_name) values (47, 'Indonesia');
insert into delegations (delegation_id, delegation_name) values (48, 'Philippines');
insert into delegations (delegation_id, delegation_name) values (49, 'Nigeria');
insert into delegations (delegation_id, delegation_name) values (50, 'Portugal');
insert into delegations (delegation_id, delegation_name) values (51, 'Vietnam');
insert into delegations (delegation_id, delegation_name) values (52, 'Greece');
insert into delegations (delegation_id, delegation_name) values (53, 'Cameroon');
insert into delegations (delegation_id, delegation_name) values (54, 'Indonesia');
insert into delegations (delegation_id, delegation_name) values (55, 'Colombia');
insert into delegations (delegation_id, delegation_name) values (56, 'Slovenia');
insert into delegations (delegation_id, delegation_name) values (57, 'Zambia');
insert into delegations (delegation_id, delegation_name) values (58, 'Philippines');
insert into delegations (delegation_id, delegation_name) values (59, 'China');
insert into delegations (delegation_id, delegation_name) values (60, 'Belarus');
insert into delegations (delegation_id, delegation_name) values (61, 'Honduras');
insert into delegations (delegation_id, delegation_name) values (62, 'Greece');
insert into delegations (delegation_id, delegation_name) values (63, 'United Kingdom');
insert into delegations (delegation_id, delegation_name) values (64, 'France');
insert into delegations (delegation_id, delegation_name) values (65, 'Benin');
insert into delegations (delegation_id, delegation_name) values (66, 'United Arab Emirates');
insert into delegations (delegation_id, delegation_name) values (67, 'Peru');
insert into delegations (delegation_id, delegation_name) values (68, 'Laos');
insert into delegations (delegation_id, delegation_name) values (69, 'Indonesia');
insert into delegations (delegation_id, delegation_name) values (70, 'Portugal');
insert into delegations (delegation_id, delegation_name) values (71, 'Bahamas');
insert into delegations (delegation_id, delegation_name) values (72, 'Argentina');
insert into delegations (delegation_id, delegation_name) values (73, 'China');
insert into delegations (delegation_id, delegation_name) values (74, 'Botswana');
insert into delegations (delegation_id, delegation_name) values (75, 'Papua New Guinea');
insert into delegations (delegation_id, delegation_name) values (76, 'United States');
insert into delegations (delegation_id, delegation_name) values (77, 'Vietnam');
insert into delegations (delegation_id, delegation_name) values (78, 'China');
insert into delegations (delegation_id, delegation_name) values (79, 'Russia');
insert into delegations (delegation_id, delegation_name) values (80, 'Thailand');
insert into delegations (delegation_id, delegation_name) values (81, 'Sweden');
insert into delegations (delegation_id, delegation_name) values (82, 'Cameroon');
insert into delegations (delegation_id, delegation_name) values (83, 'Palestinian Territory');
insert into delegations (delegation_id, delegation_name) values (84, 'Thailand');
insert into delegations (delegation_id, delegation_name) values (85, 'Ireland');
insert into delegations (delegation_id, delegation_name) values (86, 'Greece');
insert into delegations (delegation_id, delegation_name) values (87, 'Indonesia');
insert into delegations (delegation_id, delegation_name) values (88, 'Ecuador');
insert into delegations (delegation_id, delegation_name) values (89, 'Argentina');
insert into delegations (delegation_id, delegation_name) values (90, 'Guatemala');
insert into delegations (delegation_id, delegation_name) values (91, 'Peru');
insert into delegations (delegation_id, delegation_name) values (92, 'Brazil');
insert into delegations (delegation_id, delegation_name) values (93, 'Philippines');
insert into delegations (delegation_id, delegation_name) values (94, 'Azerbaijan');
insert into delegations (delegation_id, delegation_name) values (95, 'Ukraine');
insert into delegations (delegation_id, delegation_name) values (96, 'China');
insert into delegations (delegation_id, delegation_name) values (97, 'Thailand');
insert into delegations (delegation_id, delegation_name) values (98, 'Portugal');
insert into delegations (delegation_id, delegation_name) values (99, 'Mongolia');
insert into delegations (delegation_id, delegation_name) values (100, 'China');

insert into participants (participant_id, delegation_id, committee_id, country_alpha_2) values (1, 76, 8, 1);
insert into participants (participant_id, delegation_id, committee_id, country_alpha_2) values (2, 65, 3, 2);
insert into participants (participant_id, delegation_id, committee_id, country_alpha_2) values (3, 66, 10, 3);
insert into participants (participant_id, delegation_id, committee_id, country_alpha_2) values (4, 58, 8, 4);
insert into participants (participant_id, delegation_id, committee_id, country_alpha_2) values (5, 6, 4, 5);
insert into participants (participant_id, delegation_id, committee_id, country_alpha_2) values (6, 31, 1, 6);
insert into participants (participant_id, delegation_id, committee_id, country_alpha_2) values (7, 66, 5, 7);
insert into participants (participant_id, delegation_id, committee_id, country_alpha_2) values (8, 30, 10, 8);
insert into participants (participant_id, delegation_id, committee_id, country_alpha_2) values (9, 32, 6, 9);
insert into participants (participant_id, delegation_id, committee_id, country_alpha_2) values (10, 51, 4, 10);
insert into participants (participant_id, delegation_id, committee_id, country_alpha_2) values (11, 68, 9, 11);
insert into participants (participant_id, delegation_id, committee_id, country_alpha_2) values (12, 56, 7, 12);
insert into participants (participant_id, delegation_id, committee_id, country_alpha_2) values (13, 42, 6, 13);
insert into participants (participant_id, delegation_id, committee_id, country_alpha_2) values (14, 37, 10, 14);
insert into participants (participant_id, delegation_id, committee_id, country_alpha_2) values (15, 27, 5, 15);
insert into participants (participant_id, delegation_id, committee_id, country_alpha_2) values (16, 13, 7, 16);
insert into participants (participant_id, delegation_id, committee_id, country_alpha_2) values (17, 89, 3, 17);
insert into participants (participant_id, delegation_id, committee_id, country_alpha_2) values (18, 64, 5, 18);
insert into participants (participant_id, delegation_id, committee_id, country_alpha_2) values (19, 20, 3, 19);
insert into participants (participant_id, delegation_id, committee_id, country_alpha_2) values (20, 15, 8, 20);
insert into participants (participant_id, delegation_id, committee_id, country_alpha_2) values (21, 18, 9, 21);
insert into participants (participant_id, delegation_id, committee_id, country_alpha_2) values (22, 51, 9, 22);
insert into participants (participant_id, delegation_id, committee_id, country_alpha_2) values (23, 34, 9, 23);
insert into participants (participant_id, delegation_id, committee_id, country_alpha_2) values (24, 45, 5, 24);
insert into participants (participant_id, delegation_id, committee_id, country_alpha_2) values (25, 47, 9, 25);
insert into participants (participant_id, delegation_id, committee_id, country_alpha_2) values (26, 79, 9, 26);
insert into participants (participant_id, delegation_id, committee_id, country_alpha_2) values (27, 98, 3, 27);
insert into participants (participant_id, delegation_id, committee_id, country_alpha_2) values (28, 31, 4, 28);
insert into participants (participant_id, delegation_id, committee_id, country_alpha_2) values (29, 7, 5, 29);
insert into participants (participant_id, delegation_id, committee_id, country_alpha_2) values (30, 73, 6, 30);
insert into participants (participant_id, delegation_id, committee_id, country_alpha_2) values (31, 71, 2, 31);
insert into participants (participant_id, delegation_id, committee_id, country_alpha_2) values (32, 2, 8, 32);
insert into participants (participant_id, delegation_id, committee_id, country_alpha_2) values (33, 89, 2, 33);
insert into participants (participant_id, delegation_id, committee_id, country_alpha_2) values (34, 43, 7, 34);
insert into participants (participant_id, delegation_id, committee_id, country_alpha_2) values (35, 75, 10, 35);
insert into participants (participant_id, delegation_id, committee_id, country_alpha_2) values (36, 23, 1, 36);
insert into participants (participant_id, delegation_id, committee_id, country_alpha_2) values (37, 66, 9, 37);
insert into participants (participant_id, delegation_id, committee_id, country_alpha_2) values (38, 95, 3, 38);
insert into participants (participant_id, delegation_id, committee_id, country_alpha_2) values (39, 56, 7, 39);
insert into participants (participant_id, delegation_id, committee_id, country_alpha_2) values (40, 95, 10, 40);
insert into participants (participant_id, delegation_id, committee_id, country_alpha_2) values (41, 15, 4, 41);
insert into participants (participant_id, delegation_id, committee_id, country_alpha_2) values (42, 6, 8, 42);
insert into participants (participant_id, delegation_id, committee_id, country_alpha_2) values (43, 81, 9, 43);
insert into participants (participant_id, delegation_id, committee_id, country_alpha_2) values (44, 64, 4, 44);
insert into participants (participant_id, delegation_id, committee_id, country_alpha_2) values (45, 23, 9, 45);
insert into participants (participant_id, delegation_id, committee_id, country_alpha_2) values (46, 73, 3, 46);
insert into participants (participant_id, delegation_id, committee_id, country_alpha_2) values (47, 7, 6, 47);
insert into participants (participant_id, delegation_id, committee_id, country_alpha_2) values (48, 19, 8, 48);
insert into participants (participant_id, delegation_id, committee_id, country_alpha_2) values (49, 34, 8, 49);
insert into participants (participant_id, delegation_id, committee_id, country_alpha_2) values (50, 90, 3, 50);
insert into participants (participant_id, delegation_id, committee_id, country_alpha_2) values (51, 99, 7, 51);
insert into participants (participant_id, delegation_id, committee_id, country_alpha_2) values (52, 90, 9, 52);
insert into participants (participant_id, delegation_id, committee_id, country_alpha_2) values (53, 60, 8, 53);
insert into participants (participant_id, delegation_id, committee_id, country_alpha_2) values (54, 49, 5, 54);
insert into participants (participant_id, delegation_id, committee_id, country_alpha_2) values (55, 40, 4, 55);
insert into participants (participant_id, delegation_id, committee_id, country_alpha_2) values (56, 30, 5, 56);
insert into participants (participant_id, delegation_id, committee_id, country_alpha_2) values (57, 7, 4, 57);
insert into participants (participant_id, delegation_id, committee_id, country_alpha_2) values (58, 79, 4, 58);
insert into participants (participant_id, delegation_id, committee_id, country_alpha_2) values (59, 65, 4, 59);
insert into participants (participant_id, delegation_id, committee_id, country_alpha_2) values (60, 58, 1, 60);
insert into participants (participant_id, delegation_id, committee_id, country_alpha_2) values (61, 81, 6, 61);
insert into participants (participant_id, delegation_id, committee_id, country_alpha_2) values (62, 50, 10, 62);
insert into participants (participant_id, delegation_id, committee_id, country_alpha_2) values (63, 76, 2, 63);
insert into participants (participant_id, delegation_id, committee_id, country_alpha_2) values (64, 24, 4, 64);
insert into participants (participant_id, delegation_id, committee_id, country_alpha_2) values (65, 79, 6, 65);
insert into participants (participant_id, delegation_id, committee_id, country_alpha_2) values (66, 49, 7, 66);
insert into participants (participant_id, delegation_id, committee_id, country_alpha_2) values (67, 49, 1, 67);
insert into participants (participant_id, delegation_id, committee_id, country_alpha_2) values (68, 92, 3, 68);
insert into participants (participant_id, delegation_id, committee_id, country_alpha_2) values (69, 81, 2, 69);
insert into participants (participant_id, delegation_id, committee_id, country_alpha_2) values (70, 31, 4, 70);
insert into participants (participant_id, delegation_id, committee_id, country_alpha_2) values (71, 32, 3, 71);
insert into participants (participant_id, delegation_id, committee_id, country_alpha_2) values (72, 13, 10, 72);
insert into participants (participant_id, delegation_id, committee_id, country_alpha_2) values (73, 24, 10, 73);
insert into participants (participant_id, delegation_id, committee_id, country_alpha_2) values (74, 15, 4, 74);
insert into participants (participant_id, delegation_id, committee_id, country_alpha_2) values (75, 3, 7, 75);
insert into participants (participant_id, delegation_id, committee_id, country_alpha_2) values (76, 68, 5, 76);
insert into participants (participant_id, delegation_id, committee_id, country_alpha_2) values (77, 20, 7, 77);
insert into participants (participant_id, delegation_id, committee_id, country_alpha_2) values (78, 34, 3, 78);
insert into participants (participant_id, delegation_id, committee_id, country_alpha_2) values (79, 64, 6, 79);
insert into participants (participant_id, delegation_id, committee_id, country_alpha_2) values (80, 34, 10, 80);
insert into participants (participant_id, delegation_id, committee_id, country_alpha_2) values (81, 62, 10, 81);
insert into participants (participant_id, delegation_id, committee_id, country_alpha_2) values (82, 46, 3, 82);
insert into participants (participant_id, delegation_id, committee_id, country_alpha_2) values (83, 34, 5, 83);
insert into participants (participant_id, delegation_id, committee_id, country_alpha_2) values (84, 16, 6, 84);
insert into participants (participant_id, delegation_id, committee_id, country_alpha_2) values (85, 49, 4, 85);
insert into participants (participant_id, delegation_id, committee_id, country_alpha_2) values (86, 94, 9, 86);
insert into participants (participant_id, delegation_id, committee_id, country_alpha_2) values (87, 13, 3, 87);
insert into participants (participant_id, delegation_id, committee_id, country_alpha_2) values (88, 38, 9, 88);
insert into participants (participant_id, delegation_id, committee_id, country_alpha_2) values (89, 77, 4, 89);
insert into participants (participant_id, delegation_id, committee_id, country_alpha_2) values (90, 31, 1, 90);
insert into participants (participant_id, delegation_id, committee_id, country_alpha_2) values (91, 86, 10, 91);
insert into participants (participant_id, delegation_id, committee_id, country_alpha_2) values (92, 82, 2, 92);
insert into participants (participant_id, delegation_id, committee_id, country_alpha_2) values (93, 2, 7, 93);
insert into participants (participant_id, delegation_id, committee_id, country_alpha_2) values (94, 30, 6, 94);
insert into participants (participant_id, delegation_id, committee_id, country_alpha_2) values (95, 13, 8, 95);
insert into participants (participant_id, delegation_id, committee_id, country_alpha_2) values (96, 21, 5, 96);
insert into participants (participant_id, delegation_id, committee_id, country_alpha_2) values (97, 89, 6, 97);
insert into participants (participant_id, delegation_id, committee_id, country_alpha_2) values (98, 17, 6, 98);
insert into participants (participant_id, delegation_id, committee_id, country_alpha_2) values (99, 73, 8, 99);
insert into participants (participant_id, delegation_id, committee_id, country_alpha_2) values (100, 44, 8, 100);

insert into workingpapers (working_paper_id, committee_id, paper_link) values (1, 8, 'imgur.com');
insert into workingpapers (working_paper_id, committee_id, paper_link) values (2, 4, 'huffingtonpost.com');
insert into workingpapers (working_paper_id, committee_id, paper_link) values (3, 4, 'netvibes.com');
insert into workingpapers (working_paper_id, committee_id, paper_link) values (4, 3, 'oaic.gov.au');
insert into workingpapers (working_paper_id, committee_id, paper_link) values (5, 5, 'chicagotribune.com');
insert into workingpapers (working_paper_id, committee_id, paper_link) values (6, 10, 'amazon.co.uk');
insert into workingpapers (working_paper_id, committee_id, paper_link) values (7, 6, 'intel.com');
insert into workingpapers (working_paper_id, committee_id, paper_link) values (8, 4, 'bbb.org');
insert into workingpapers (working_paper_id, committee_id, paper_link) values (9, 9, 'nature.com');
insert into workingpapers (working_paper_id, committee_id, paper_link) values (10, 7, 'wikispaces.com');
insert into workingpapers (working_paper_id, committee_id, paper_link) values (11, 5, 'latimes.com');
insert into workingpapers (working_paper_id, committee_id, paper_link) values (12, 7, 'bigcartel.com');
insert into workingpapers (working_paper_id, committee_id, paper_link) values (13, 8, 'webmd.com');
insert into workingpapers (working_paper_id, committee_id, paper_link) values (14, 3, 'rediff.com');
insert into workingpapers (working_paper_id, committee_id, paper_link) values (15, 4, 'columbia.edu');
insert into workingpapers (working_paper_id, committee_id, paper_link) values (16, 8, 'mit.edu');
insert into workingpapers (working_paper_id, committee_id, paper_link) values (17, 10, 'seesaa.net');
insert into workingpapers (working_paper_id, committee_id, paper_link) values (18, 8, 'desdev.cn');
insert into workingpapers (working_paper_id, committee_id, paper_link) values (19, 10, 'unblog.fr');
insert into workingpapers (working_paper_id, committee_id, paper_link) values (20, 3, 'tripod.com');
insert into workingpapers (working_paper_id, committee_id, paper_link) values (21, 7, 'reverbnation.com');
insert into workingpapers (working_paper_id, committee_id, paper_link) values (22, 5, '4shared.com');
insert into workingpapers (working_paper_id, committee_id, paper_link) values (23, 7, 'tmall.com');
insert into workingpapers (working_paper_id, committee_id, paper_link) values (24, 4, 'netlog.com');
insert into workingpapers (working_paper_id, committee_id, paper_link) values (25, 2, 'ow.ly');

insert into workinggroup (working_group_id, working_paper_id, working_group_name) values (1, 1, 'Bulbul, african red-eyed');
insert into workinggroup (working_group_id, working_paper_id, working_group_name) values (2, 2, 'Eagle, pallas''s fish');
insert into workinggroup (working_group_id, working_paper_id, working_group_name) values (3, 3, 'Robin, white-throated');
insert into workinggroup (working_group_id, working_paper_id, working_group_name) values (4, 4, 'Lizard, giant girdled');
insert into workinggroup (working_group_id, working_paper_id, working_group_name) values (5, 5, 'Gazelle, thomson''s');
insert into workinggroup (working_group_id, working_paper_id, working_group_name) values (6, 6, 'Bear, sloth');
insert into workinggroup (working_group_id, working_paper_id, working_group_name) values (7, 7, 'Green-winged trumpeter');
insert into workinggroup (working_group_id, working_paper_id, working_group_name) values (8, 8, 'Blue-winged trumpeter');
insert into workinggroup (working_group_id, working_paper_id, working_group_name) values (9, 9, 'Bear, polar');
insert into workinggroup (working_group_id, working_paper_id, working_group_name) values (10, 10, 'Fox, crab-eating');
insert into workinggroup (working_group_id, working_paper_id, working_group_name) values (11, 11, 'Blackish oystercatcher');
insert into workinggroup (working_group_id, working_paper_id, working_group_name) values (12, 12, 'Spotted deer');
insert into workinggroup (working_group_id, working_paper_id, working_group_name) values (13, 13, 'Eastern white pelican');
insert into workinggroup (working_group_id, working_paper_id, working_group_name) values (14, 14, 'Common seal');
insert into workinggroup (working_group_id, working_paper_id, working_group_name) values (15, 15, 'Greater flamingo');
insert into workinggroup (working_group_id, working_paper_id, working_group_name) values (16, 16, 'Turkey, common');
insert into workinggroup (working_group_id, working_paper_id, working_group_name) values (17, 17, 'Shark, blue');
insert into workinggroup (working_group_id, working_paper_id, working_group_name) values (18, 18, 'Eleven-banded armadillo (unidentified)');
insert into workinggroup (working_group_id, working_paper_id, working_group_name) values (19, 19, 'Asian openbill');
insert into workinggroup (working_group_id, working_paper_id, working_group_name) values (20, 20, 'Lily trotter');
insert into workinggroup (working_group_id, working_paper_id, working_group_name) values (21, 21, 'Lesser flamingo');
insert into workinggroup (working_group_id, working_paper_id, working_group_name) values (22, 22, 'Manatee');
insert into workinggroup (working_group_id, working_paper_id, working_group_name) values (23, 23, 'Cape white-eye');
insert into workinggroup (working_group_id, working_paper_id, working_group_name) values (24, 24, 'Black-backed magpie');
insert into workinggroup (working_group_id, working_paper_id, working_group_name) values (25, 25, 'Wolf, mexican');

insert into "R_workinggroupdelegations" (working_group_delegation_id, working_group_id, delegation_id) values (1, 3, 69);
insert into "R_workinggroupdelegations" (working_group_delegation_id, working_group_id, delegation_id) values (2, 7, 94);
insert into "R_workinggroupdelegations" (working_group_delegation_id, working_group_id, delegation_id) values (3, 17, 92);
insert into "R_workinggroupdelegations" (working_group_delegation_id, working_group_id, delegation_id) values (4, 13, 89);
insert into "R_workinggroupdelegations" (working_group_delegation_id, working_group_id, delegation_id) values (5, 25, 67);
insert into "R_workinggroupdelegations" (working_group_delegation_id, working_group_id, delegation_id) values (6, 20, 62);
insert into "R_workinggroupdelegations" (working_group_delegation_id, working_group_id, delegation_id) values (7, 25, 81);
insert into "R_workinggroupdelegations" (working_group_delegation_id, working_group_id, delegation_id) values (8, 19, 67);
insert into "R_workinggroupdelegations" (working_group_delegation_id, working_group_id, delegation_id) values (9, 25, 9);
insert into "R_workinggroupdelegations" (working_group_delegation_id, working_group_id, delegation_id) values (10, 2, 16);
insert into "R_workinggroupdelegations" (working_group_delegation_id, working_group_id, delegation_id) values (11, 6, 44);
insert into "R_workinggroupdelegations" (working_group_delegation_id, working_group_id, delegation_id) values (12, 6, 46);
insert into "R_workinggroupdelegations" (working_group_delegation_id, working_group_id, delegation_id) values (13, 24, 58);
insert into "R_workinggroupdelegations" (working_group_delegation_id, working_group_id, delegation_id) values (14, 18, 75);
insert into "R_workinggroupdelegations" (working_group_delegation_id, working_group_id, delegation_id) values (15, 4, 63);
insert into "R_workinggroupdelegations" (working_group_delegation_id, working_group_id, delegation_id) values (16, 16, 25);
insert into "R_workinggroupdelegations" (working_group_delegation_id, working_group_id, delegation_id) values (17, 18, 44);
insert into "R_workinggroupdelegations" (working_group_delegation_id, working_group_id, delegation_id) values (18, 23, 28);
insert into "R_workinggroupdelegations" (working_group_delegation_id, working_group_id, delegation_id) values (19, 24, 87);
insert into "R_workinggroupdelegations" (working_group_delegation_id, working_group_id, delegation_id) values (20, 21, 30);
insert into "R_workinggroupdelegations" (working_group_delegation_id, working_group_id, delegation_id) values (21, 19, 25);
insert into "R_workinggroupdelegations" (working_group_delegation_id, working_group_id, delegation_id) values (22, 7, 71);
insert into "R_workinggroupdelegations" (working_group_delegation_id, working_group_id, delegation_id) values (23, 22, 67);
insert into "R_workinggroupdelegations" (working_group_delegation_id, working_group_id, delegation_id) values (24, 22, 4);
insert into "R_workinggroupdelegations" (working_group_delegation_id, working_group_id, delegation_id) values (25, 4, 7);
insert into "R_workinggroupdelegations" (working_group_delegation_id, working_group_id, delegation_id) values (26, 21, 34);
insert into "R_workinggroupdelegations" (working_group_delegation_id, working_group_id, delegation_id) values (27, 15, 82);
insert into "R_workinggroupdelegations" (working_group_delegation_id, working_group_id, delegation_id) values (28, 21, 14);
insert into "R_workinggroupdelegations" (working_group_delegation_id, working_group_id, delegation_id) values (29, 13, 90);
insert into "R_workinggroupdelegations" (working_group_delegation_id, working_group_id, delegation_id) values (30, 20, 47);
insert into "R_workinggroupdelegations" (working_group_delegation_id, working_group_id, delegation_id) values (31, 20, 90);
insert into "R_workinggroupdelegations" (working_group_delegation_id, working_group_id, delegation_id) values (32, 19, 12);
insert into "R_workinggroupdelegations" (working_group_delegation_id, working_group_id, delegation_id) values (33, 18, 37);
insert into "R_workinggroupdelegations" (working_group_delegation_id, working_group_id, delegation_id) values (34, 19, 39);
insert into "R_workinggroupdelegations" (working_group_delegation_id, working_group_id, delegation_id) values (35, 24, 50);
insert into "R_workinggroupdelegations" (working_group_delegation_id, working_group_id, delegation_id) values (36, 21, 45);
insert into "R_workinggroupdelegations" (working_group_delegation_id, working_group_id, delegation_id) values (37, 1, 62);
insert into "R_workinggroupdelegations" (working_group_delegation_id, working_group_id, delegation_id) values (38, 12, 83);
insert into "R_workinggroupdelegations" (working_group_delegation_id, working_group_id, delegation_id) values (39, 25, 74);
insert into "R_workinggroupdelegations" (working_group_delegation_id, working_group_id, delegation_id) values (40, 18, 58);
insert into "R_workinggroupdelegations" (working_group_delegation_id, working_group_id, delegation_id) values (41, 21, 24);
insert into "R_workinggroupdelegations" (working_group_delegation_id, working_group_id, delegation_id) values (42, 11, 53);
insert into "R_workinggroupdelegations" (working_group_delegation_id, working_group_id, delegation_id) values (43, 24, 91);
insert into "R_workinggroupdelegations" (working_group_delegation_id, working_group_id, delegation_id) values (44, 17, 14);
insert into "R_workinggroupdelegations" (working_group_delegation_id, working_group_id, delegation_id) values (45, 4, 3);
insert into "R_workinggroupdelegations" (working_group_delegation_id, working_group_id, delegation_id) values (46, 5, 58);
insert into "R_workinggroupdelegations" (working_group_delegation_id, working_group_id, delegation_id) values (47, 4, 60);
insert into "R_workinggroupdelegations" (working_group_delegation_id, working_group_id, delegation_id) values (48, 24, 5);
insert into "R_workinggroupdelegations" (working_group_delegation_id, working_group_id, delegation_id) values (49, 19, 33);
insert into "R_workinggroupdelegations" (working_group_delegation_id, working_group_id, delegation_id) values (50, 7, 47);
insert into "R_workinggroupdelegations" (working_group_delegation_id, working_group_id, delegation_id) values (51, 17, 24);
insert into "R_workinggroupdelegations" (working_group_delegation_id, working_group_id, delegation_id) values (52, 9, 82);
insert into "R_workinggroupdelegations" (working_group_delegation_id, working_group_id, delegation_id) values (53, 25, 25);
insert into "R_workinggroupdelegations" (working_group_delegation_id, working_group_id, delegation_id) values (54, 1, 78);
insert into "R_workinggroupdelegations" (working_group_delegation_id, working_group_id, delegation_id) values (55, 11, 10);
insert into "R_workinggroupdelegations" (working_group_delegation_id, working_group_id, delegation_id) values (56, 16, 55);
insert into "R_workinggroupdelegations" (working_group_delegation_id, working_group_id, delegation_id) values (57, 24, 19);
insert into "R_workinggroupdelegations" (working_group_delegation_id, working_group_id, delegation_id) values (58, 21, 4);
insert into "R_workinggroupdelegations" (working_group_delegation_id, working_group_id, delegation_id) values (59, 13, 26);
insert into "R_workinggroupdelegations" (working_group_delegation_id, working_group_id, delegation_id) values (60, 10, 14);
insert into "R_workinggroupdelegations" (working_group_delegation_id, working_group_id, delegation_id) values (61, 16, 77);
insert into "R_workinggroupdelegations" (working_group_delegation_id, working_group_id, delegation_id) values (62, 10, 72);
insert into "R_workinggroupdelegations" (working_group_delegation_id, working_group_id, delegation_id) values (63, 21, 11);
insert into "R_workinggroupdelegations" (working_group_delegation_id, working_group_id, delegation_id) values (64, 16, 3);
insert into "R_workinggroupdelegations" (working_group_delegation_id, working_group_id, delegation_id) values (65, 17, 90);
insert into "R_workinggroupdelegations" (working_group_delegation_id, working_group_id, delegation_id) values (66, 17, 99);
insert into "R_workinggroupdelegations" (working_group_delegation_id, working_group_id, delegation_id) values (67, 18, 81);
insert into "R_workinggroupdelegations" (working_group_delegation_id, working_group_id, delegation_id) values (68, 12, 44);
insert into "R_workinggroupdelegations" (working_group_delegation_id, working_group_id, delegation_id) values (69, 7, 95);
insert into "R_workinggroupdelegations" (working_group_delegation_id, working_group_id, delegation_id) values (70, 6, 19);
insert into "R_workinggroupdelegations" (working_group_delegation_id, working_group_id, delegation_id) values (71, 13, 96);
insert into "R_workinggroupdelegations" (working_group_delegation_id, working_group_id, delegation_id) values (72, 1, 17);
insert into "R_workinggroupdelegations" (working_group_delegation_id, working_group_id, delegation_id) values (73, 18, 26);
insert into "R_workinggroupdelegations" (working_group_delegation_id, working_group_id, delegation_id) values (74, 6, 5);
insert into "R_workinggroupdelegations" (working_group_delegation_id, working_group_id, delegation_id) values (75, 6, 23);
insert into "R_workinggroupdelegations" (working_group_delegation_id, working_group_id, delegation_id) values (76, 9, 26);
insert into "R_workinggroupdelegations" (working_group_delegation_id, working_group_id, delegation_id) values (77, 12, 5);
insert into "R_workinggroupdelegations" (working_group_delegation_id, working_group_id, delegation_id) values (78, 18, 35);
insert into "R_workinggroupdelegations" (working_group_delegation_id, working_group_id, delegation_id) values (79, 2, 59);
insert into "R_workinggroupdelegations" (working_group_delegation_id, working_group_id, delegation_id) values (80, 1, 24);
insert into "R_workinggroupdelegations" (working_group_delegation_id, working_group_id, delegation_id) values (81, 18, 81);
insert into "R_workinggroupdelegations" (working_group_delegation_id, working_group_id, delegation_id) values (82, 11, 28);
insert into "R_workinggroupdelegations" (working_group_delegation_id, working_group_id, delegation_id) values (83, 1, 71);
insert into "R_workinggroupdelegations" (working_group_delegation_id, working_group_id, delegation_id) values (84, 24, 61);
insert into "R_workinggroupdelegations" (working_group_delegation_id, working_group_id, delegation_id) values (85, 7, 63);
insert into "R_workinggroupdelegations" (working_group_delegation_id, working_group_id, delegation_id) values (86, 15, 28);
insert into "R_workinggroupdelegations" (working_group_delegation_id, working_group_id, delegation_id) values (87, 7, 81);
insert into "R_workinggroupdelegations" (working_group_delegation_id, working_group_id, delegation_id) values (88, 6, 72);
insert into "R_workinggroupdelegations" (working_group_delegation_id, working_group_id, delegation_id) values (89, 17, 15);
insert into "R_workinggroupdelegations" (working_group_delegation_id, working_group_id, delegation_id) values (90, 17, 6);
insert into "R_workinggroupdelegations" (working_group_delegation_id, working_group_id, delegation_id) values (91, 16, 22);
insert into "R_workinggroupdelegations" (working_group_delegation_id, working_group_id, delegation_id) values (92, 25, 83);
insert into "R_workinggroupdelegations" (working_group_delegation_id, working_group_id, delegation_id) values (94, 19, 26);
insert into "R_workinggroupdelegations" (working_group_delegation_id, working_group_id, delegation_id) values (95, 14, 87);
insert into "R_workinggroupdelegations" (working_group_delegation_id, working_group_id, delegation_id) values (96, 15, 99);
insert into "R_workinggroupdelegations" (working_group_delegation_id, working_group_id, delegation_id) values (97, 17, 88);
insert into "R_workinggroupdelegations" (working_group_delegation_id, working_group_id, delegation_id) values (98, 25, 80);
insert into "R_workinggroupdelegations" (working_group_delegation_id, working_group_id, delegation_id) values (99, 5, 43);